{
  "metadata": {
    "generated_at": "2025-09-09T17:01:56.190106",
    "model": "K-intelligence/Midm-2.0-Mini-Instruct",
    "total_items": 13,
    "source_file": "gwanghwamun_rag_optimized.json",
    "purpose": "narration_for_cultural_heritage_guide"
  },
  "narrations": [
    {
      "id": "gwanghwamun_plaza_intro",
      "name": "광화문광장",
      "location": "서울 종로구 세종로 1-68",
      "coordinates": {
        "lat": 37.572602860810186,
        "lng": 126.97691639601517
      },
      "original_description": "세종대왕과 이순신 장군의 동상이 있는 대한민국의 대표적인 역사 광장입니다. 조선시대부터 현재까지 대한민국 역사의 중심지 역할을 해왔으며, 조선시대에는 육조거리로 불리며 정부기관들이 위치했던 곳입니다. 현재는 대한민국을 대표하는 두 인물인 세종대왕과 이순신 장군의 동상을 중심으로 다양한 문화시설과 역사 유적들이 어우러진 복합 문화공간으로 조성되어 있습니다. 광장에는 한글분수, 명량분수, 터틀분수 등 다양한 수경시설과 소나무정원, 사계정원 등의 녹지공간, 그리고 조선시대 사헌부 터 등의 문화재 유구가 함께 어우러져 있어 역사와 현재가 공존하는 특별한 공간입니다.",
      "narration": "세종대왕 동상 앞에서는 한글의 아름다움을 직접 느껴보실 수 있고, 이순신 장군 동상에서는 우리나라를 지킨 위대한 영웅의 정신을 만날 수 있습니다. \n\n광장을 따라 걸으시면 한글분수, 명량분수, 터틀분수 같은 다양한 수경시설이 여러분을 반겨줄 거예요. 그리고 소나무정원과 사계정원에서는 도심 속에서도 자연의 정취를 만끽하실 수 있답니다. \n\n조선시대 사헌부 터와 같은 문화재 유구를 살펴보시며 우리나라 역사의 깊은 뿌리도 체험해보세요. 이곳에서는 과거와 현재가 하나로 어우러져, 단순한 관광지를 넘어 살아있는 역사의 현장을 경험하실 수 있습니다.",
      "generated_at": "2025-09-09T16:58:07.386467"
    },
    {
      "id": "sejong_statue",
      "name": "세종대왕동상",
      "location": "서울 종로구 세종로 1-68 광화문광장",
      "coordinates": {
        "lat": 37.572602860810186,
        "lng": 126.97691639601517
      },
      "original_description": "민족의 영웅으로서 경복궁에서 즉위하여 승하하신 최초의 임금이었던 세종대왕의 동상입니다. 높이 6.2m, 폭 4.3m 규모로 4.2m 기단 위에 좌상형태로 남쪽을 향해 세워져 있습니다. 부드러운 표정으로 왼손에는 '훈민정음 해례본'(페이지는 용자례 - 훈민정음 글자의 사용 예를 정리한 것)을 들고 있으며, 오른손은 가볍게 들어 신하들에게 온 백성이 훈민정음을 널리 쓰도록 하라는 대왕의 정신을 표현하였습니다. 기단 바로 앞에는 훈민정음 원문과 해석문이 새겨져 있고, 동상 전면부에는 세종대왕의 주요 과학 발명품인 해시계(앙부일구), 측우기, 혼천의 모형이 설치되어 있습니다. 후면부에는 세종대왕의 업적을 상징하는 기둥형태의 6개의 열주가 세워져 있어 세종대왕의 다양한 업적을 한눈에 볼 수 있습니다. 2009년 10월 9일 한글날에 제막되었습니다.",
      "narration": "이 동상은 높이 6.2m나 되는 거대한 모습으로, 우리 민족의 위대한 왕이신 세종대왕을 기리고 있습니다. 왼손에 들고 계신 훈민정음 해례본은 한글 창제의 놀라운 순간을 상징하죠. 동상 앞에 설치된 해시계, 측우기, 혼천의 모형들을 보시면 세종대왕께서 얼마나 과학에 관심이 많으셨는지 알 수 있어요. \n\n특히 기단에 새겨진 훈민정음 원문과 해석문을 읽어보시면, 당시 백성들이 글을 배우기 위해 얼마나 많은 노력을 했는지 느껴보실 수 있을 거예요. 동상 후면에 있는 6개의 열주를 따라 걸으며 세종대왕의 다양한 업적들을 살펴보세요. \n\n2009년 한글날에 제막된 이 동상은 단순한 기념물이 아니라, 세종대왕의 정신과 한글의 가치를 오늘날 우리에게 전해주는 소중한 문화유산이랍니다.",
      "generated_at": "2025-09-09T16:58:26.937896"
    },
    {
      "id": "yi_sunsin_statue",
      "name": "이순신장군동상",
      "location": "서울 종로구 세종로 1-68 광화문광장",
      "coordinates": {
        "lat": 37.572602860810186,
        "lng": 126.97691639601517
      },
      "original_description": "조선 중기 명장으로 임진왜란 당시 옥포, 한산도, 명량 등에서 해전을 승리로 이끌어 국가를 위기에서 건져낸 이순신 장군의 동상입니다. 전체 높이 17m(동상 6.5m, 기단 10.5m)의 청동 입상 형태로 1968년 4월 27일에 건립되었습니다. 기단에는 거북선 모형이 설치되어 있고, 기단 앞에는 북 2개가 놓여있으며, 기단 옆에는 전진하는 군함의 모습이 양각되어 있습니다. 이순신장군 동상 주변에는 명량분수와 함께 이순신장군 승전비가 세워져 있어 장군의 위대한 승전사를 기념하고 있습니다. 장군은 옥포해전, 사천해전, 당포해전, 당항포해전, 한산도대첩, 안골포해전, 부산포해전, 웅포해전, 명량대첩, 절이도해전, 노량해전 등 23전 23승의 불패 신화를 기록한 세계 해전사의 영웅입니다.",
      "narration": "이 동상은 조선 중기 임진왜란 때 나라를 구한 이순신 장군을 기리기 위해 1968년에 세워진 높이 17m의 청동 동상이에요. 장군이 직접 지휘했던 옥포해전부터 노량해전까지, 23전 23승이라는 놀라운 승리 기록을 가진 세계 해전사의 영웅이죠!\n\n동상 옆을 보면 거북선 모형이 기단에 설치되어 있고, 기단 앞에는 북 2개가 놓여있어요. 그리고 기단 옆에는 전진하는 군함의 모습이 양각되어 있답니다. 장군 주변에는 명량분수도 함께 있어 당시 해전의 치열함을 느낄 수 있어요.\n\n특히 장군의 위대한 승전비가 있어 장군의 업적을 직접 확인할 수 있고, 장군이 직접 지휘한 해전들의 이름도 새겨져 있어 역사의 현장에 있는 듯한 감동을 느낄 수 있답니다. 한국을 대표하는 위대한 영웅을 만나보세요!",
      "generated_at": "2025-09-09T16:58:46.036057"
    },
    {
      "id": "angbuilgu",
      "name": "앙부일구(해시계)",
      "location": "세종대왕동상 전면부",
      "coordinates": {
        "lat": 37.572602860810186,
        "lng": 126.97691639601517
      },
      "original_description": "세종 19년(1437년) 장영실이 처음 만든 해시계로, 솥 모양을 닮아 앙부일구라고 하였습니다. 지금은 남아있지 않은 세종 때의 앙부일구는 일반서민이 보기 쉽도록 서울 혜정교와 종묘 앞에 세워 뒀던 우리나라 최초의 공중시계였습니다. 해시계는 태양의 그림자를 이용하여 시간을 측정하는 기구로, 세종대왕 시대의 뛰어난 과학기술력을 보여주는 대표적인 발명품입니다. 현재 세종대왕 동상 전면에 설치된 모형을 통해 조선시대 시계 기술의 우수성을 확인할 수 있으며, 이는 우리나라 과학기술사의 자랑거리 중 하나로 평가받고 있습니다.",
      "narration": "이 앙부일구는 솥 모양을 닮아서 붙여진 이름인데, 세종대왕 시대에는 지금처럼 시계가 흔하지 않았어요. 그래서 일반 백성들도 쉽게 시간을 알 수 있도록 서울의 주요 길목인 혜정교와 종묘 앞에 이 해시계를 세워두었답니다. \n\n지금 보시는 이 모형은 실제 500년 전에 만들어진 해시계의 모습을 그대로 재현한 것으로, 태양의 움직임만으로 정확한 시간을 측정할 수 있었던 조선시대의 놀라운 과학 기술을 보여줍니다. 특히 이 앙부일구는 우리나라 과학기술사의 자랑거리 중 하나로, 세종대왕의 백성을 위한 마음과 뛰어난 기술력이 담긴 소중한 문화유산이에요.\n\n시간이 되시면 세종대왕 동상 뒤에 있는 작은 전시실도 둘러보시면 더욱 깊이 있는 설명을 들으실 수 있을 거예요. 조선시대 과학의 정수를 직접 체험해보시는 특별한 시간이 되시길 바랍니다!",
      "generated_at": "2025-09-09T16:59:07.031311"
    },
    {
      "id": "cheugugi",
      "name": "측우기",
      "location": "세종대왕동상 전면부",
      "coordinates": {
        "lat": 37.572602860810186,
        "lng": 126.97691639601517
      },
      "original_description": "세종 23년(1441년)에 만들어진 세계 최초의 강우량 측정기구입니다. 원통형 모양으로 처음에는 깊이 약 41cm, 지름 약 16cm였지만 1442년 5월, 측우에 관한 제도 제정과 함께 깊이 약 31cm, 지름 약 14cm로 규격이 개량되어 조선말기까지 사용되었습니다. 측우기는 단순히 비의 양을 측정하는 것을 넘어서 농업에 필요한 정확한 날씨 정보를 제공함으로써 백성들의 생활에 실질적인 도움을 주었습니다. 이는 세종대왕의 애민정신이 과학기술 발전으로 이어진 대표적인 사례로, 우리나라 과학기술의 자랑거리 가운데 하나로 꼽힙니다. 서양보다 200년 이상 앞선 발명으로 세계 기상관측사에 큰 의미를 갖습니다.",
      "narration": "원통형 모양으로 처음에는 깊이 41cm, 지름 16cm였는데, 1442년에 더 정밀한 규격으로 개량되었어요. 이 측우기 덕분에 농업에 필요한 정확한 강수량 정보를 얻을 수 있었고, 백성들의 생활에 큰 도움이 되었답니다. \n\n특히 이 발명은 서양보다 200년 이상 앞선 것으로, 우리나라 과학기술의 자랑거리이자 세계적으로도 의미 있는 발명품이에요. 지금도 조선시대의 과학 정신을 느낄 수 있는 소중한 문화유산이니, 잠시 시간을 내어 그 역사적 가치를 느껴보세요.",
      "generated_at": "2025-09-09T16:59:24.069888"
    },
    {
      "id": "honcheonui",
      "name": "혼천의",
      "location": "세종대왕동상 전면부",
      "coordinates": {
        "lat": 37.572602860810186,
        "lng": 126.97691639601517
      },
      "original_description": "천체의 운행과 위치를 측정하여 천문시계 구실을 한 기구입니다. 혼천의는 우리나라에서는 삼국시대 이후에 만들어졌다고 짐작되는데, 기록상으로는 세종15년(1433년) 장영실과 이천 등이 왕명에 의해 제작한 것이 최초의 혼천의로 남아있습니다. 이 혼천의는 천체의 움직임을 정확히 관측하고 기록할 수 있게 해주었으며, 이를 통해 정확한 달력 제작과 농업 발전에 크게 기여했습니다. 세종대왕은 천문과 기상에도 깊은 관심을 보여 1433년 석축간의대를 준공하여 본격적인 천문연구를 시작하였으며, 혼천의는 이러한 조선 초기 천문학 발전의 핵심적인 관측기구였습니다.",
      "narration": "이 혼천의는 세종대왕님이 직접 관심을 가지셨던 과학의 결정체예요. 1433년 장영실과 이천이라는 뛰어난 과학자들이 왕의 명을 받아 만든 최초의 혼천의라고 해요. 하늘의 별과 해의 움직임을 정확히 측정해서 달력을 만들고, 농사 시기를 결정하는 데 큰 도움을 주었답니다.\n\n지금도 이 혼천의를 통해 조선 초기의 놀라운 과학 기술을 직접 경험하실 수 있어요. 하늘을 관측하던 선조들의 지혜와 세종대왕님의 과학 사랑을 느껴보세요. 이 작은 기구 하나로 우리 조상들의 위대한 과학적 성취를 엿볼 수 있다는 점이 정말 흥미롭지 않나요?",
      "generated_at": "2025-09-09T16:59:40.687311"
    },
    {
      "id": "hangeul_fountain",
      "name": "한글분수",
      "location": "서울 종로구 세종로 186",
      "coordinates": {
        "lat": 37.5714639352995,
        "lng": 126.976572626867
      },
      "original_description": "한글창제 원리인 천, 지, 인을 모티브로 하여 한글의 자음과 모음의 형태를 연출한 놀이형 글자분수입니다. 분수에 표시되는 한글을 유추해 볼 수 있으며, 어린이들과 외국인 관광객들에게 한글의 아름다움과 과학성을 체험할 수 있는 교육적 공간입니다. 물줄기가 만들어내는 한글 글자들은 세종대왕의 한글 창제 정신을 현대적으로 재해석한 것으로, 방문객들이 직접 참여하고 체험할 수 있는 인터랙티브한 문화 시설입니다. 분수 이용 시에는 안전을 위해 맨발 사용이 금지되어 있으며 물놀이용 신발을 착용해야 하고, 구토·설사 증상이나 전염병, 피부병이 있는 경우 이용을 금지하고 있습니다. 또한 애완동물의 진입은 금지되어 있으며 물놀이용 기저귀 착용이 필요합니다.",
      "narration": "분수에서 물줄기가 내려오면서 자연스럽게 한글 자음과 모음이 만들어지는 모습을 보실 수 있어요. 마치 살아있는 글자처럼 말이죠! 특히 어린이들과 외국인 관광객들에게 한글의 과학적인 원리를 재미있게 배울 수 있는 교육적인 장소로 인기가 많답니다.\n\n분수를 이용하실 때는 안전을 위해 물놀이용 신발을 착용하셔야 하고, 애완동물은 출입할 수 없으니 참고해주세요. 이곳에서 한글의 창의성과 과학성을 직접 체험해보시면, 우리나라 문화의 소중함을 더 깊이 느끼실 수 있을 거예요.",
      "generated_at": "2025-09-09T16:59:57.166920"
    },
    {
      "id": "myeongnyang_fountain",
      "name": "명량분수",
      "location": "서울 종로구 세종로 1-68 (이순신장군동상 주변)",
      "coordinates": {
        "lat": 37.5707747375712,
        "lng": 126.97689545289565
      },
      "original_description": "충무공 이순신의 해전을 상징하는 바닥분수입니다. 동상 내측 분수의 133개 노즐은 명량해전 당시 13척의 조선 함대가 133척의 왜선을 격퇴한 역사를 상징하며, 외측 분수는 한산도 대첩 당시의 학익진(鶴翼陣, 학이 날개를 편 듯이 진을 쳐 적을 측면에서부터 무너뜨리는 전술) 전법을 상징합니다. 또한 분수 앞 바닥 조명은 이순신장군 탄생년도 1545년을 모티브로 하여 길이를 15.45m로 만들었습니다. 1597년 9월 16일 명량해전에서 이순신은 '죽고자 하면 반드시 살 것이요, 살고자 하면 반드시 죽을 것이다'라는 필승의 신념으로 13척으로 133척을 이긴 기적 같은 승리를 거두었습니다. 분수 이용 시에는 안전수칙을 준수해야 하며, 뛰거나 과도한 장난이 금지되고 음식물이나 이물질 반입이 금지되어 있습니다.",
      "narration": "이 분수는 정말 특별한 의미가 있어요. 동상 안쪽에 있는 133개의 노즐이 바로 명량해전 당시 13척의 조선 함대가 133척의 왜선을 물리친 역사적 순간을 상징하고 있거든요. 이순신 장군의 '필승의 신념'이 담긴 그날의 기적을 분수로 재현해놓은 거죠.\n\n그리고 바깥쪽 분수는 한산도 대첩의 학익진 전술을 표현하고 있어요. 마치 학이 날개를 펼친 것처럼 적을 측면에서 포위하는 전술인데, 정말 전략적으로 뛰어난 전술이었답니다.\n\n분수 앞 바닥의 조명 길이는 이순신 장군의 탄생년도인 1545년을 모티브로 해서 15.45m로 만들어졌어요. 정말 세심하게 역사적 의미를 담아 설계했죠?\n\n이곳을 방문하실 때는 안전수칙을 꼭 지켜주세요. 뛰거나 장난치지 마시고, 음식물 반입도 금지되어 있어요. 이순신 장군의 위대한 업적을 기리는 특별한 공간에서 소중한 시간 보내시길 바랍니다!",
      "generated_at": "2025-09-09T17:00:18.552036"
    },
    {
      "id": "turtle_fountain",
      "name": "터틀분수",
      "location": "서울 종로구 세종로 (광화문광장 후반부)",
      "coordinates": {
        "lat": 37.572,
        "lng": 126.9769
      },
      "original_description": "77개의 물줄기가 만들어내는 아치형 분수로, 광장 후반부 광장끝까지 대한민국의 경제성장과 번영을 상징하는 분수입니다. 터틀분수 아래에는 광복 후 77년의 역사를 상징하는 물길이 함께 흐르고 있어, 대한민국의 발전과 미래에 대한 희망을 표현하고 있습니다. 77개라는 숫자는 광복 후부터 현재까지의 시간을 의미하며, 아치형 구조는 대한민국이 이룩한 경제적 성취와 지속적인 발전 가능성을 형상화한 것입니다. 분수 이용 시에는 다른 분수와 마찬가지로 안전수칙을 준수해야 하며, 분수물 음용 금지, 맨발 사용 금지, 애완동물 진입 금지 등의 규칙이 적용됩니다.",
      "narration": "이 분수는 단순히 예쁜 조형물이 아니라, 우리 대한민국이 광복 후 77년 동안 이룩한 경제성장과 발전을 상징하는 의미 깊은 작품입니다. 77개의 물줄기가 하나의 아치를 이루는 모습은 마치 우리 경제가 꾸준히 성장해 온 모습을 형상화한 것 같아요.\n\n분수 아래로 흐르는 물길도 특별합니다. 광복 후 77년이라는 의미 있는 시간을 기념하는 물길이죠. 이렇게 역사적인 의미를 담은 분수를 보면서, 우리나라가 걸어온 길을 되돌아보고 앞으로의 발전을 함께 꿈꿔볼 수 있답니다.\n\n분수를 구경하실 때는 안전수칙을 꼭 지켜주세요. 다른 분수와 마찬가지로 물에 발 담그거나 애완동물과 함께 오시는 건 삼가주시고, 물은 음용할 수 없으니 참고해주세요.",
      "generated_at": "2025-09-09T17:00:38.221023"
    },
    {
      "id": "sejong_chunmugong_story",
      "name": "세종·충무공이야기 전시관",
      "location": "서울 종로구 세종로 81-3 (세종문화회관 지하)",
      "coordinates": {
        "lat": 37.5724297222418,
        "lng": 126.976173863688
      },
      "original_description": "세종대왕과 이순신 장군의 혼과 업적이 살아 숨쉬는 이야기를 만날 수 있는 지하 전시관입니다. 세종대왕 동상 기단 후면에 위치한 입구를 통해 들어갈 수 있으며, 옛 지하 보차도 공간과 세종문화회관 지하에 조성되어 있습니다. 운영시간은 10:00-18:30(입장마감 18:00)이며 무료로 관람할 수 있습니다. 전시관 입구에 설치된 큐브형태의 '미디어글라스'에서는 세종대왕과 충무공의 업적부터 한글 콘텐츠, 신진작가들의 창의적인 미디어아트 작품까지 다양한 콘텐츠를 감상할 수 있습니다. 한국인이 가장 존경하고 자랑스러워하는 두 인물의 생애와 업적을 체험형 전시를 통해 깊이 있게 이해할 수 있는 교육적 공간입니다. 문의사항은 세종문화회관(02-399-1000)으로 연락할 수 있습니다.",
      "narration": "전시관 입구는 세종대왕 동상 뒤에 숨겨져 있어서 찾기가 쉽답니다. 지하 1층에 자리한 이곳은 단순히 과거의 역사를 보여주는 곳이 아니라, 두 위인의 지혜와 용기가 오늘날 우리에게 어떤 의미가 있는지 체험할 수 있는 교육의 장이에요.\n\n특히 눈길을 끄는 것은 큐브 형태의 '미디어글라스'인데요, 이곳에서는 한글의 창제 과정부터 두 장군의 해전 이야기까지 다양한 디지털 콘텐츠를 생생한 영상으로 만나실 수 있어요. 또한 신진작가들의 창의적인 미디어아트 작품들도 전시되어 있어, 역사와 현대 예술이 어우러진 특별한 경험을 하실 수 있답니다.\n\n운영시간은 오전 10시부터 오후 6시 30분까지이고, 입장료는 무료이니 부담 없이 오셔서 우리나라의 자랑스러운 역사와 문화를 깊이 있게 체험해보세요. 세종대왕과 이순신 장군의 정신이 여러분에게도 큰 영감을 줄 거예요!",
      "generated_at": "2025-09-09T17:00:59.950538"
    },
    {
      "id": "four_seasons_garden",
      "name": "사계정원",
      "location": "서울 종로구 세종로 1-68",
      "coordinates": {
        "lat": 37.5732875563218,
        "lng": 126.976608279734
      },
      "original_description": "한국의 자생수종을 중심으로 한국의 계절감을 느낄 수 있는 공간입니다. 고궁에서 사용되었던 화계(층계모양으로 단을 만들어 화초를 심음)에서 영감을 받아 조성되었으며, 다양한 우리나라 고유의 식물들이 계절에 따라 아름다운 변화를 보여줍니다. 식재된 수종으로는 느티나무, 복자기, 산벚나무, 매화나무, 산딸나무, 청단풍, 층층나무, 배롱나무, 물푸레나무, 마가목, 조팝나무, 목수국, 개쉬땅, 가침박달, 모란 등이 있어 봄의 꽃, 여름의 녹음, 가을의 단풍, 겨울의 설경 등 사계절 내내 각기 다른 아름다움을 선사합니다. 이는 한국 전통 정원의 미학을 현대적으로 재해석한 것으로, 방문객들에게 자연 속에서의 휴식과 한국 고유 식물에 대한 교육적 체험을 동시에 제공합니다.",
      "narration": "정원을 거닐다 보면, 느티나무와 복자기가 어우러진 봄의 풍경이 가장 먼저 반깁니다. 여름에는 푸른 녹음이 싱그럽고, 가을에는 산딸나무와 조팝나무가 붉은빛으로 물들어 마치 한 폭의 그림 같아요. 그리고 겨울에는 눈 덮인 매화나무와 배롱나무가 고즈넉한 아름다움을 선사합니다.\n\n특히 이곳의 매력은 한국 고유의 다양한 식물들이 계절에 따라 각기 다른 모습을 보여준다는 점이에요. 매화나무의 하얀 꽃, 산딸나무의 붉은 열매, 목수국의 보라색 꽃까지, 사계절 내내 새로운 아름다움을 만날 수 있습니다. \n\n사계정원은 단순한 정원이 아니라 한국 전통 정원의 미학을 현대적으로 재해석한 공간으로, 자연 속에서 휴식을 취하며 한국 고유 식물에 대한 교육적 체험도 함께 할 수 있는 특별한 장소랍니다. 어떠신가요? 지금 바로 정원을 산책해보시겠어요?",
      "generated_at": "2025-09-09T17:01:23.528203"
    },
    {
      "id": "pine_garden",
      "name": "소나무정원",
      "location": "서울 종로구 세종로 (광화문광장 초입)",
      "coordinates": {
        "lat": 37.572,
        "lng": 126.9769
      },
      "original_description": "한국 문화 속 소나무의 상징성을 담은 정원으로, 우리나라 역사문화 속에서 문인들과 화가들에게 사랑받아온 소나무를 광장 초입에 배치한 공간입니다. 키 큰 소나무 장송 군락 사이로 광화문과 북악산의 경관을 볼 수 있으며, 소나무는 일 년 내내 변하지 않는 푸르름을 선사하며 절개와 지조를 상징합니다. 소나무는 우리나라 사람들이 가장 좋아하는 나무로 꼽히며, 예로부터 선비정신과 불굴의 의지를 나타내는 상징적 의미를 담고 있습니다. 특히 소나무 사이로 보이는 광화문과 북악산의 경관은 조선왕조 500년의 역사와 자연이 어우러진 장관을 연출하여 방문객들에게 깊은 감동을 선사합니다. 이 정원은 전통과 현대가 조화를 이루는 광화문광장의 상징적인 공간 중 하나입니다.",
      "narration": "키 큰 장송들이 웅장하게 서 있는 이 정원에서는 광화문과 북악산의 아름다운 경관을 한눈에 감상하실 수 있어요. 소나무는 조선시대부터 선비들의 절개와 지조를 상징해왔는데, 사계절 내내 푸르름을 유지하는 모습이 우리에게 깊은 감동을 선사합니다.\n\n특히 이곳에서 바라보는 조선왕조 500년의 역사와 자연이 어우러진 풍경은 정말 장관이에요. 한국 사람들이 가장 좋아하는 나무인 소나무와 함께, 전통과 현대가 조화롭게 어우러진 이 공간에서 특별한 추억을 만들어보세요.",
      "generated_at": "2025-09-09T17:01:36.827337"
    },
    {
      "id": "saheonbu_remains",
      "name": "사헌부 문터",
      "location": "서울 종로구 세종로 (광화문광장 내)",
      "coordinates": {
        "lat": 37.572,
        "lng": 126.9769
      },
      "original_description": "조선시대 관리 감찰 기관인 사헌부가 있던 곳으로, 2020년 10월부터 2021년 6월까지 진행된 발굴조사에서 배수로와 우물, 사헌부 청사의 담장과 출입문 터, 행랑 유구(遺構) 등이 확인된 중요한 문화재 유적지입니다. 전시장은 지상에서 대략 1.2m 아래 공간에 조성되어 있으며, 지붕은 한국 전통 가옥의 처마 곡선을 살리고 기둥은 인근 나무와 비슷한 두께와 높이로 만들어 기존 광화문의 풍경과 조화를 이루도록 설계되었습니다. 이곳은 조선시대 육조거리의 역사를 그대로 간직하고 있는 살아있는 역사 현장으로, 500년 전 관리들의 일상을 엿볼 수 있는 귀중한 문화유산입니다. 발굴된 우물과 문지는 노출전시되어 있으며, 그 외 현장은 복토 후 상부에 담장, 배수로 등을 재현하여 옥조거리의 흔적을 생생하게 보여줍니다.",
      "narration": "바로 '사헌부 문터'입니다. 2020년부터 2021년까지 발굴조사를 통해 발견된 이곳은 조선시대 관리들의 감찰기관인 사헌부가 있던 곳으로, 500년 전 관리들의 일상을 생생하게 느낄 수 있는 소중한 문화유산이에요. \n\n특히 발굴된 우물과 배수로, 그리고 사헌부 청사의 담장과 출입문 터가 그대로 보존되어 있어 마치 타임머신을 타고 과거로 돌아간 듯한 경험을 할 수 있답니다. 전시장은 지상 1.2m 아래에 조성되어 있는데, 한국 전통 가옥의 처마 곡선을 살린 지붕과 주변 나무와 비슷한 두께의 기둥으로 설계되어 광화문의 풍경과 자연스럽게 어우러져 있어요.\n\n이곳에서 조선시대 관리들의 하루를 상상해보시면서, 우리 역사의 소중한 흔적들을 직접 체험해보시기 바랍니다.",
      "generated_at": "2025-09-09T17:01:56.190106"
    }
  ]
}